{"is_source_file": false, "format": "", "description": "", "external_files": [], "external_methods": [], "published": [], "classes": [], "methods": [], "calls": [], "search-terms": [], "state": 2, "file_id": 12, "knowledge_revision": 18, "git_revision": "c7936ded4d5d0a8f8694d9a29c2295fbdf814eaa", "hash": "f30139b0917752251b7c90d70873561f", "format-version": 4, "code-base-name": "tic_tac_toe_frontend", "filename": "README.md", "revision_history": [{"18": "c7936ded4d5d0a8f8694d9a29c2295fbdf814eaa"}]}