{"is_source_file": false, "format": "", "description": "", "external_files": [], "external_methods": [], "published": [], "classes": [], "methods": [], "calls": [], "search-terms": [], "state": 2, "file_id": 8, "knowledge_revision": 27, "git_revision": "21c907aa1078d7874e2db3fb11d4b553a0de4fd2", "hash": "8b32536553fb2ef6ce8f1ded693550b4", "format-version": 4, "code-base-name": "tic_tac_toe_frontend", "filename": "tic_tac_toe_frontend/src/App.css", "revision_history": [{"27": "21c907aa1078d7874e2db3fb11d4b553a0de4fd2"}]}