{"is_source_file": true, "format": "JavaScript (React JSX)", "description": "Source file defining the main React component for a Tic Tac Toe game, including game logic, UI rendering, and event handling.", "external_files": ["./App.css"], "external_methods": [], "published": ["App"], "classes": [], "methods": [{"name": "calculateWinner(board)", "description": "Determines if there is a winner on the current board and returns the winner and winning line.", "scope": "", "scopeKind": ""}, {"name": "isBoardFull(board)", "description": "Checks if the game board is completely filled with no null cells.", "scope": "", "scopeKind": ""}, {"name": "App()", "description": "Main React functional component for the Tic Tac Toe game, managing game state and rendering UI.", "scope": "", "scopeKind": ""}, {"name": "handleReset()", "scope": "App", "scopeKind": "function", "description": "unavailable"}, {"name": "handleSquareClick(index)", "scope": "App", "scopeKind": "function", "description": "unavailable"}], "calls": ["React.useMemo", "React.useState", "calculateWinner", "isBoardFull", "setBoard", "setCurrentPlayer"], "search-terms": ["React", "calculateWinner", "useMemo", "useState", "tic_tac_toe_frontend", "App"], "state": 2, "file_id": 5, "knowledge_revision": 26, "git_revision": "21c907aa1078d7874e2db3fb11d4b553a0de4fd2", "revision_history": [{"24": "2574f5e8ebb72045be9a96dd094eac43f39db206"}, {"26": "21c907aa1078d7874e2db3fb11d4b553a0de4fd2"}], "ctags": [{"_type": "tag", "name": "App", "path": "/home/kavia/workspace/code-generation/interactive-tic-tac-toe-42141-42159/tic_tac_toe_frontend/src/App.js", "pattern": "/^function App() {$/", "language": "JavaScript", "kind": "function", "signature": "()"}, {"_type": "tag", "name": "PLAYER_O", "path": "/home/kavia/workspace/code-generation/interactive-tic-tac-toe-42141-42159/tic_tac_toe_frontend/src/App.js", "pattern": "/^const PLAYER_O = \"O\";$/", "language": "JavaScript", "kind": "constant"}, {"_type": "tag", "name": "PLAYER_X", "path": "/home/kavia/workspace/code-generation/interactive-tic-tac-toe-42141-42159/tic_tac_toe_frontend/src/App.js", "pattern": "/^const PLAYER_X = \"X\";$/", "language": "JavaScript", "kind": "constant"}, {"_type": "tag", "name": "calculateWinner", "path": "/home/kavia/workspace/code-generation/interactive-tic-tac-toe-42141-42159/tic_tac_toe_frontend/src/App.js", "pattern": "/^function calculateWinner(board) {$/", "language": "JavaScript", "kind": "function", "signature": "(board)"}, {"_type": "tag", "name": "handleReset", "path": "/home/kavia/workspace/code-generation/interactive-tic-tac-toe-42141-42159/tic_tac_toe_frontend/src/App.js", "pattern": "/^  function handleReset() {$/", "language": "JavaScript", "kind": "function", "signature": "()", "scope": "App", "scopeKind": "function"}, {"_type": "tag", "name": "handleSquareClick", "path": "/home/kavia/workspace/code-generation/interactive-tic-tac-toe-42141-42159/tic_tac_toe_frontend/src/App.js", "pattern": "/^  function handleSquareClick(index) {$/", "language": "JavaScript", "kind": "function", "signature": "(index)", "scope": "App", "scopeKind": "function"}, {"_type": "tag", "name": "isBoardFull", "path": "/home/kavia/workspace/code-generation/interactive-tic-tac-toe-42141-42159/tic_tac_toe_frontend/src/App.js", "pattern": "/^function isBoardFull(board) {$/", "language": "JavaScript", "kind": "function", "signature": "(board)"}, {"_type": "tag", "name": "winner ? \"statusPill--win\" : isDraw ? \"statusPill--draw\" : \"\" }", "path": "/home/kavia/workspace/code-generation/interactive-tic-tac-toe-42141-42159/tic_tac_toe_frontend/src/App.js", "pattern": "/^            }`}$/", "language": "JavaScript", "kind": "field", "scope": "App.className.statusPill ${ outcome", "scopeKind": "class"}], "hash": "afa7667b66657b34e4ac57a38d0c45ec", "format-version": 4, "code-base-name": "tic_tac_toe_frontend", "filename": "tic_tac_toe_frontend/src/App.js", "fields": [{"name": "}`}", "scope": "App.className.statusPill ${ outcome", "scopeKind": "class", "description": "unavailable"}]}