{"is_source_file": false, "format": "", "description": "", "external_files": [], "external_methods": [], "published": [], "classes": [], "methods": [], "calls": [], "search-terms": ["index.css", "CSS styles", "frontend styles", "CSS font-family", "body styles"], "state": 2, "file_id": 10, "knowledge_revision": 21, "git_revision": "2574f5e8ebb72045be9a96dd094eac43f39db206", "hash": "6c2104b8d219ed99234ae2d6329f4357", "format-version": 4, "code-base-name": "tic_tac_toe_frontend", "filename": "tic_tac_toe_frontend/src/index.css", "revision_history": [{"21": "2574f5e8ebb72045be9a96dd094eac43f39db206"}]}