{"is_source_file": true, "format": "JavaScript (ESM module)", "description": "ESLint configuration file setting up linting rules, plugins, and environment options for a JavaScript/React project.", "external_files": ["@eslint/js", "eslint-plugin-react"], "external_methods": [], "published": [], "classes": [], "methods": [{"name": "default export", "description": "An array of configuration objects for ESLint, setting environment options, rules, and plugin configurations."}], "calls": ["pluginJs", "pluginReact"], "search-terms": ["eslint", "eslint.config.mjs", "rules", "plugins", "react", "jsx", "configuration"], "state": 2, "file_id": 3, "knowledge_revision": 20, "git_revision": "2574f5e8ebb72045be9a96dd094eac43f39db206", "hash": "be6538e7523bc2e9da0743133d784136", "format-version": 4, "code-base-name": "tic_tac_toe_frontend", "filename": "tic_tac_toe_frontend/eslint.config.mjs", "revision_history": [{"20": "2574f5e8ebb72045be9a96dd094eac43f39db206"}]}