{"is_source_file": false, "format": "", "description": "", "external_files": [], "external_methods": [], "published": [], "classes": [], "methods": [], "calls": [], "search-terms": [], "state": 2, "file_id": 10, "knowledge_revision": 28, "git_revision": "21c907aa1078d7874e2db3fb11d4b553a0de4fd2", "hash": "21408ebf5f650b1e7c8247e3afefc5b9", "format-version": 4, "code-base-name": "tic_tac_toe_frontend", "filename": "tic_tac_toe_frontend/src/index.css", "revision_history": [{"28": "21c907aa1078d7874e2db3fb11d4b553a0de4fd2"}]}