{"is_source_file": true, "format": "JavaScript", "description": "JavaScript entry point file for a React application, responsible for rendering the main App component into the DOM.", "external_files": ["react", "react-dom/client", "./index.css", "./App"], "external_methods": ["ReactDOM.createRoot", "ReactDOM.createRoot().render"], "published": [], "classes": [], "methods": [{"name": "ReactDOM.createRoot", "description": "Creates a root for rendering React components into the DOM."}, {"name": "root.render", "description": "Renders the React component tree into the specified DOM node."}], "calls": ["ReactDOM.createRoot", "root.render", "<React.StrictMode>", "<App />"], "search-terms": ["react", "react-dom", "index.js", "main entry", "render", "App component"], "state": 2, "file_id": 7, "knowledge_revision": 25, "git_revision": "2574f5e8ebb72045be9a96dd094eac43f39db206", "ctags": [{"_type": "tag", "name": "root", "path": "/home/kavia/workspace/code-generation/interactive-tic-tac-toe-42141-42159/tic_tac_toe_frontend/src/index.js", "pattern": "/^const root = ReactDOM.createRoot(document.getElementById('root'));$/", "language": "JavaScript", "kind": "constant"}], "hash": "9fc5841375336fc175b49f8767a11383", "format-version": 4, "code-base-name": "tic_tac_toe_frontend", "filename": "tic_tac_toe_frontend/src/index.js", "revision_history": [{"25": "2574f5e8ebb72045be9a96dd094eac43f39db206"}]}