{"is_source_file": true, "format": "JavaScript (React JSX)", "description": "This file defines the main React component 'App' for a frontend application. It manages a theme state ('light' or 'dark') and allows toggling between themes via a button. The component renders UI elements including a theme toggle button, logo, instructional text, and a link.", "external_files": ["./logo.svg", "./App.css"], "external_methods": [], "published": ["App"], "classes": [], "methods": [{"name": "App()", "description": "Main functional React component that manages theme state and renders the application UI.", "scope": "", "scopeKind": ""}, {"name": "toggleTheme", "description": "Function that toggles the theme between 'light' and 'dark'."}], "calls": ["React.useState", "React.useEffect", "document.documentElement.setAttribute", "setTheme", "prevTheme => prevTheme === 'light' ? 'dark' : 'light'"], "search-terms": ["React component", "theme toggle", "useState", "useEffect", "App.js"], "state": 2, "file_id": 5, "knowledge_revision": 24, "git_revision": "2574f5e8ebb72045be9a96dd094eac43f39db206", "ctags": [{"_type": "tag", "name": "App", "path": "/home/kavia/workspace/code-generation/interactive-tic-tac-toe-42141-42159/tic_tac_toe_frontend/src/App.js", "pattern": "/^function App() {$/", "language": "JavaScript", "kind": "function", "signature": "()"}, {"_type": "tag", "name": "Switch to ${theme === 'light' ? 'dark' : 'light'} mode", "path": "/home/kavia/workspace/code-generation/interactive-tic-tac-toe-42141-42159/tic_tac_toe_frontend/src/App.js", "pattern": "/^          aria-label={`Switch to ${theme === 'light' ? 'dark' : 'light'} mode`}$/", "language": "JavaScript", "kind": "field", "scope": "App.aria", "scopeKind": "class"}, {"_type": "tag", "name": "toggleTheme", "path": "/home/kavia/workspace/code-generation/interactive-tic-tac-toe-42141-42159/tic_tac_toe_frontend/src/App.js", "pattern": "/^          onClick={toggleTheme}$/", "language": "JavaScript", "kind": "field", "scope": "App.onClick", "scopeKind": "class"}], "hash": "b55dd9e6a018e59207d8e277dffd9e11", "format-version": 4, "code-base-name": "tic_tac_toe_frontend", "filename": "tic_tac_toe_frontend/src/App.js", "fields": [{"name": "aria-label={`Switch to ${theme === 'light' ? 'dark' : 'light'} mode`}", "scope": "App.aria", "scopeKind": "class", "description": "unavailable"}, {"name": "onClick={toggleTheme}", "scope": "App.onClick", "scopeKind": "class", "description": "unavailable"}], "revision_history": [{"24": "2574f5e8ebb72045be9a96dd094eac43f39db206"}]}